{"cameraMode":{"drawMode":0,"name":"Shaded","section":"Shading Mode"},"sceneLighting":true,"audioPlay":false,"sceneViewState":{"m_AlwaysRefresh":false,"showFog":true,"showSkybox":true,"showFlares":true,"showImageEffects":true,"showParticleSystems":true,"showVisualEffectGraphs":true,"m_FxEnabled":true},"in2DMode":false,"pivot":{"x":11.694110870361329,"y":13.277381896972657,"z":11.776426315307618},"rotation":{"x":0.031419944018125537,"y":-0.959161639213562,"z":0.25555580854415896,"w":0.11761587113142014},"size":0.8660253882408142,"orthographic":false}